Illuminated Writing 1,"1.5"" 4""",1975,Mix Media,75,Abstract and Fantasy,,358,,,
C1,"11"" x 14""",2016,Acrylic,400,Abstract and Fantasy,,,,,
Fairies,"11"" x 14""",2009,Watercolor on paper,400,Abstract and Fantasy,,,,,
On the Edge of a Pond,"11"" x 14""",2019,Acrylic,400,Abstract and Fantasy,,,,,
The Source,"11"" x 14""",2015,Acrylic,400,Abstract and Fantasy,,,,,
Clay Print 2,"11"" x 14"" mat",2008,Clay,75,Abstract and Fantasy,,,,,
Clay Print 3,"11"" x 14"" mat",2008,Clay,75,Abstract and Fantasy,,,,,
Clay Print with Felting,"11"" x 14"" mat",2008,Clay and Wool,75,Abstract and Fantasy,,,,,
Consumer's Web,"12"" x 16""",2020,Acrylic,500,Abstract and Fantasy,,,,,
Nature's Bath,"18"" x 24"" mat",2009,Pastels,800,Abstract and Fantasy,,,,,
Atwood and Silverman Collaborative,"29"" x 42""",2014,Acrylic,1000,Abstract and Fantasy,,,,,
Illuminated Writing 7,"3"" X 6.5",1975,Mix Media,90,Abstract and Fantasy,,364,,,
Illuminated Writing 8,"3"" x 6.5""",1975,Mix Media,90,Abstract and Fantasy,,365,,,
Illuminated Writing 9,"3"" x 6.5""",1975,Mix Media,90,Abstract and Fantasy,,366,,,
Intersection postcard AIR,"5"" x 7""",2010,Mixmedia,sold,Abstract and Fantasy,,,,,
Beach Sunset,"8"" x 10""",2019,Acrylic,250,Abstract and Fantasy,,,,,
Day of the Dead Freda Portrait,"8"" x 10""",2016,Acrylic,250,Abstract and Fantasy,,,,,
Earth Meets Sky,"8"" x 10""",,Acrylic,250,Abstract and Fantasy,,,,,
Illuminated Writing 2,"8"" x 10"" mat",1977,Mixmedia,50,Abstract and Fantasy,,370,,,
Illuminated Writing 3,"8"" x 10"" mat",1977,Mixmedia,50,Abstract and Fantasy,,360,,,
Illuminated Writing 4,"8"" x 10"" mat",1977,Mixmedia,50,Abstract and Fantasy,,361,,,
Illuminated Writing 5,"8"" x 10"" mat",1977,Mixmedia,50,Abstract and Fantasy,,362,,,
Illuminated Writing 6,"8"" x 10"" mat",1977,Mixmedia,50,Abstract and Fantasy,,363,,,
Day of the Dead,"8"" x 12""",2008,Oil,,Abstract and Fantasy,,,,,
Abstract Forest Path,"11"" x 14""",2019,Acrylic and paper,400,Acrylic Collage,,,,,
Ducks in Salt Marsh,"20"" x 20""",2019,Acrylic and paper,1000,Acrylic Collage,,,,,
Pierced Sun,"20"" x 20""",2019,Acrylic and paper,1000,Acrylic Collage,,,,,
Winter Deer,"20"" x 20""",2019,Acrylic and paper,1000,Acrylic Collage,,,,,
Woodland Stream,"20"" x 20""",2019,Acrylic and paper,1000,Acrylic Collage,,,,,
Garden Path,"8"" x 10""",2019,Acrylic and paper,250,Acrylic Collage,,,,,
Spirit of a Cat,"10"" x 8""",2001,Acrylic,250,Animals,,,,,
Squirrel   ,"10"" x 8""",2011,Acrylic,50,Animals,,,,,
Bear,"10"" x 8"" mat",2011,Acrylic,50,Animals,,,,,
Boomer,"10"" x 8"" mat",2011,Watercolor,90,Animals,,,,,
Boomer 2,"10"" x 8"" mat",2011,Watercolor,90,Animals,,,,,
Cat,"10"" x 8"" mat",2011,Acrylic,50,Animals,,,,,
Cats,"10"" x 8"" mat",2011,Acrylic,50,Animals,,,,,
Chipmunks,"10"" x 8"" mat",2011,Acrylic,50,Animals,,,,,
Chipmunks 2,"10"" x 8"" mat",2011,Acrylic,50,Animals,,,,,
Deer,"10"" x 8"" mat",2011,Acrylic,50,Animals,,,,,
Deer at Sunset,"10"" x 8"" mat",2011,Watercolor on paper,250,Animals,,,,,
Deer in the Woods,"10"" x 8"" mat",2012,Pastels,250,Animals,,,,,
Dogs,"10"" x 8"" mat",2011,Acrylic,50,Animals,,,,,
Fox,"10"" x 8"" mat",2011,Acrylic,50,Animals,,,,,
Foxes,"10"" x 8"" mat",2011,Acrylic,50,Animals,,,,,
Lily,"10"" x 8"" mat",2011,Acrylic,sold,Animals,,,,,
Rabbit,"10"" x 8"" mat",2011,Acrylic,50,Animals,,,,,
Rabbit 2,"10"" x 8"" mat",2011,Acrylic,50,Animals,,,,,
Rabbit 3,"10"" x 8"" mat",2011,Acrylic,50,Animals,,,,,
Raccoon,"10"" x 8"" mat",2011,Acrylic,50,Animals,,,,,
Raccoon 2,"10"" x 8"" mat",2011,Acrylic,50,Animals,,,,,
Stag,"10"" x 8"" mat",2011,Acrylic,50,Animals,,,,,
Cows in Overcast Field,"11"" x 14""",2019,Acrylic,400,Animals,,,,,
Nebraska Cows,"12"" x 12""",2019,Acrylic,460,Animals,,,,,
Turkeys,"12"" x 16""",2019,Acrylic,sold,Animals,,,,,
Dad with Pumpkin the Cat,"4"" x 5.5""",2016,Watercolor,90,Animals,,,,,
3 Sparrows,"5"" x 7""",2019,Acrylic,90,Animals,,,,,
3 Sparrows,"5"" x 7""",2019,Acrylic,90,Animals,,,,,
Antelope,"5"" x 7""",2019,Acrylic,sold,Animals,,,,,
Bison,"5"" x 7""",2019,Acrylic,90,Animals,,,,,
Black Bill Magpies,"5"" x 7""",2019,Acrylic,90,Animals,,,,,
Cows Near Hay Bales,"5"" x 7""",2019,Acrylic,90,Animals,,,,,
Cows Near Trees,"5"" x 7""",2019,Acrylic,90,Animals,,,,,
Custer Park Buffalo,"5"" x 7""",2019,Acrylic,sold,Animals,,,,,
Eastern Box Turtle,"5"" x 7""",2019,Acrylic,90,Animals,,,,,
Herd of Deer in Field,"5"" x 7""",2019,Acrylic,90,Animals,,,,,
Herd of Deer in the Woods,"5"" x 7""",2019,Acrylic,90,Animals,,,,,
Nabraska Cows 2,"5"" x 7""",2019,Acrylic,90,Animals,,,,,
Red and Blue Cows,"5"" x 7""",2019,Acrylic,90,Animals,,,,,
Squirrel Eating an Apple,"5"" x 7""",2019,Acrylic,90,Animals,,,,,
Birds on the Edge of a Brush Pile,"8"" x 10""",2019,Acrylic,250,Animals,,,,,
Wild Burros,"8"" x 10""",2019,Acrylic,250,Animals,,,,,
"Mystic Connecticut, Boats","11"" x 14 mat",1999,Pastels,400,Beach,,,,,
Beach Scene 2,"11"" x 14"" mat",2010,Watercolor on paper,400,Beach,,,,,
Belmar Beach,"11"" x 14"" mat",2009,Watercolor on paper,400,Beach,,,,,
Boats,"11"" x 14"" mat",1975,Graphite,75,Beach,,,,,
Island State Park Beach,"11"" x 14"" mat",2010,Watercolor on paper,400,Beach,,,,,
Mystic Connecticut Inlet,"11"" x 14"" mat",1999,Pastels,400,Beach,,,,,
Ocean City Houses,"11"" x 14"" mat",2014,Watercolor on paper,400,Beach,,,,,
Ocean City Sunrise,"11"" X 14"" mat",2014,Watercolor on paper,400,Beach,,,,,
Sunbathers,"11"" X 14"" mat",2009,Watercolor on paper,400,Beach,,,,,
Sunbathers 2,"6"" x 7.5""",2008,Watercolor,250,Beach,,,,,
Bone,"11"" x 14"" mat",1977,Ink on paper,150,Bone,,,,,
Bone Series 13,"11"" x 14"" mat",1977,Mixmedia,150,Bone,,,,,
Bone Series 15,"11"" x 14"" mat",1977,Ink on paper,150,Bone,,,,,
Bone Series 16,"11"" x 14"" mat",1977,Ink on paper,150,Bone,,,,,
Bone Series 17,"11"" x 14"" mat",1977,Mixmedia,150,Bone,,,,,
Bone Series 18,"11"" x 14"" mat",1977,Mixmedia,150,Bone,,,,,
Bone Series 19,"11"" x 14"" mat",1977,Mixmedia,150,Bone,,,,,
Bone Series XX,"11"" x 14"" mat",1977,Ink on paper,150,Bone,,,,,
Bone Series XXI,"11"" x 14"" mat",1977,Mixmedia,150,Bone,,,,,
Figure Study 1,"11"" x 14"" mat",1977,Mixmedia,150,Bone,,,,,
Figure Study 2,"11"" x 14"" mat",1977,Mixmedia,150,Bone,,,,,
Figure Study 3,"11"" x 14"" mat",1977,Mixmedia,150,Bone,,,,,
Name,Size,Year,Material,Cost unframed,Category,,,,,
"Cold River Library, Night","11"" X 14"" mat",2010,Pastels,400,Cold River Camp,,,,,
Cold River Porch,"11"" X 14"" mat",2009,Watercolor on paper,400,Cold River Camp,,,,,
CRC Cabin,"11"" X 14"" mat",2013,Watercolor on paper,400,Cold River Camp,,,,,
CRC Library 1,"11"" X 14"" mat",2010,Watercolor on paper,sold ,Cold River Camp,,,,,
CRC Library 2,"11"" X 14"" mat",2010,Watercolor on paper,400,Cold River Camp,,,,,
CRC Porch 2,"11"" X 14"" mat",2014,Watercolor on paper,sold,Cold River Camp,,,,,
CRC Vatican City,"11"" X 14"" mat",2014,Watercolor on paper,sold,Cold River Camp,,,,,
Spring Haven Exterior,"11"" x 14"" mat",2013,Watercolor on paper,sold,Cold River Camp,,,,,
Spring Haven Interior,"11"" X 14"" mat",2013,Watercolor on paper,sold,Cold River Camp,,,,,
Tea House at Cold River,"11"" X 14"" mat",2009,Watercolor on paper,400,Cold River Camp,,,,,
Path to Emerald Pool,"18"" x 24""",2016,Acrylic,1000,Cold River Camp,,,,,
Chet 1,"8"" x 10"" mat",2009,Watercolor on paper,210,Cold River Camp,,,,,
Chet 2,"8"" x 10"" mat",2009,Watercolor on paper,210,Cold River Camp,,,,,
Chet 3,"8"" x 10"" mat",2009,Watercolor on paper,210,Cold River Camp,,,,,
Cold River Field,"8"" x 10"" mat",2008,Acrylic on paper,210,Cold River Camp,,,,,
Atwood and McGuff-Silverman Collaborative Painting,"29"" x 42""",2014,Acrylic,1000,Collaborative Work,,,,,
Dad dancing 20,"5"" x 7""",2019,Acrylic,,Dad Dancing the Movie,,,,,
Dad Dancing 1,"5"" x 7""",2019,Acrylic,,"Dad Dancing, the Movie",,,,,
Dad Dancing 10,"5"" x 7""",2019,Acrylic,,"Dad Dancing, the Movie",,,,,
Dad Dancing 11,"5"" x 7""",2019,Acrylic,,"Dad Dancing, the Movie",,,,,
Dad Dancing 12,"5"" x 7""",2019,Acrylic,,"Dad Dancing, the Movie",,,,,
Dad Dancing 13,"5"" x 7""",2019,Acrylic,,"Dad Dancing, the Movie",,,,,
Dad Dancing 14,"5"" x 7""",2019,Acrylic,,"Dad Dancing, the Movie",,,,,
Dad Dancing 15,"5"" x 7""",2019,Acrylic,,"Dad Dancing, the Movie",,,,,
Dad Dancing 16,"5"" x 7""",2019,Acrylic,,"Dad Dancing, the Movie",,,,,
Dad Dancing 17,"5"" x 7""",2019,Acrylic,,"Dad Dancing, the Movie",,,,,
Dad Dancing 18,"5"" x 7""",2019,Acrylic,,"Dad Dancing, the Movie",,,,,
Dad Dancing 19,"5"" x 7""",2019,Acrylic,,"Dad Dancing, the Movie",,,,,
Dad Dancing 2,"5"" x 7""",2019,Acrylic,,"Dad Dancing, the Movie",,,,,
Dad Dancing 3,"5"" x 7""",2019,Acrylic,,"Dad Dancing, the Movie",,,,,
Dad Dancing 4,"5"" x 7""",2019,Acrylic,,"Dad Dancing, the Movie",,,,,
Dad Dancing 5,"5"" x 7""",2019,Acrylic,,"Dad Dancing, the Movie",,,,,
Dad Dancing 6,"5"" x 7""",2019,Acrylic,,"Dad Dancing, the Movie",,,,,
Dad Dancing 7,"5"" x 7""",2019,Acrylic,,"Dad Dancing, the Movie",,,,,
Dad Dancing 8,"5"" x 7""",2019,Acrylic,,"Dad Dancing, the Movie",,,,,
Dad Dancing 9,"5"" x 7""",2019,Acrylic,,"Dad Dancing, the Movie",,,,,
"A R Wallace, Listening to a Tuba Player","11"" X 14"" mat",2006 - 2008,Pencil on paper,150,Drawing and Black and White Prints,,,,,
March,"11"" x 14""",2020,Pen and Ink,sold,Drawings and Black and White Prints,,,,,
Othelia Sings in a Florida Mall,"11"" x 14""",2020,Pen and Ink,150,Drawings and Black and White Prints,,,,,
Partial Openning in Houston,"11"" x 14""",2020,Pen and Ink,150,Drawings and Black and White Prints,,,,,
Advice for the Queen,"11"" X 14"" mat",2006-2008,Pencil on paper,150,Drawings and Black and White Prints,,,,,
Amalia's Pearls,"11"" X 14"" mat",2006-2008,Pencil on paper,150,Drawings and Black and White Prints,,,,,
Cat's Spirit,"11"" X 14"" mat",2006 - 2008,Ink on paper,150,Drawings and Black and White Prints,,,,,
"Cezanne and Hippos, Near Caravan","11"" X 14"" mat",2006 - 2008,Pencil on paper,150,Drawings and Black and White Prints,,,,,
"Children, Gloves, and Animals","11"" X 14"" mat",2006-2008,Pencil on paper,150,Drawings and Black and White Prints,,,,,
Choosing a Tea Pot,"11"" X 14"" mat",2006-2008,Pencil on paper,150,Drawings and Black and White Prints,,,,,
Contemplating the Universe,"11"" X 14"" mat",2006-2008,Ink on paper,150,Drawings and Black and White Prints,,,,,
Desert Nights,"11"" x 14"" mat",2006-2008,Pencil on paper,150,Drawings and Black and White Prints,,,,,
Ellis Island,"11"" X 14"" mat",2006-2008,Pencil on paper,150,Drawings and Black and White Prints,,,,,
Farmers,"11"" X 14"" mat",2006-2008,Pencil on paper,150,Drawings and Black and White Prints,,,,,
Feeding the Animals,"11"" X 14"" mat",2006-2008,Pencil on paper,150,Drawings and Black and White Prints,,,,,
Fishing for God,"11"" X 14"" mat",2006-2008,Ink on paper,150,Drawings and Black and White Prints,,,,,
Flight,"11"" X 14"" mat",2006-2008,Pencil on paper,150,Drawings and Black and White Prints,,,,,
Frog Legs,"11"" X 14"" mat",2006-2008,Pencil on paper,150,Drawings and Black and White Prints,,,,,
Full Moon,"11"" X 14"" mat",2006-2008,Pencil on paper,150,Drawings and Black and White Prints,,,,,
Head of a Girl,"11"" X 14"" mat",2006-2008,Pencil on paper,150,Drawings and Black and White Prints,,,,,
Horse Race on the Steppes,"11"" X 14"" mat",2006-2008,Pencil on paper,150,Drawings and Black and White Prints,,,,,
In Flight,"11"" x 14"" mat",2006-2008,Pencil on paper,150,Drawings and Black and White Prints,,,,,
In the Jungle,"11"" X 14"" mat",2006-2008,Pencil on paper,150,Drawings and Black and White Prints,,,,,
In the Tent,"11"" X 14"" mat",2006-2008,Pencil on paper,150,Drawings and Black and White Prints,,,,,
Island Archeology,"11"" X 14"" mat",2006-2008,Ink on paper,150,Drawings and Black and White Prints,,,,,
It is Spring,"11"" X 14"" mat",2006-2008,Pencil on paper,150,Drawings and Black and White Prints,,,,,
Italian Sunglasses,"11"" X 14"" mat",2006-2008,Pencil on paper,150,Drawings and Black and White Prints,,,,,
Japenese Physicist,"11"" X 14"" mat",2006-2008,Pencil on paper,150,Drawings and Black and White Prints,,,,,
Judy's Granddaughter,"11"" X 14"" mat",2006-2008,Pencil on paper,150,Drawings and Black and White Prints,,,,,
Listening,"11"" X 14"" mat",2006-2008,Pencil on paper,150,Drawings and Black and White Prints,,,,,
Market Place,"11"" X 14"" mat",2006-2008,Pencil on paper,150,Drawings and Black and White Prints,,,,,
Midnight in the Garden of Art and Science,"11"" X 14"" mat",2006-2008,Ink on paper,150,Drawings and Black and White Prints,,,,,
Naptime,"11"" X 14"" mat",2006-2008,Pencil on paper,150,Drawings and Black and White Prints,,,,,
Nightmare at the Bayou,"11"" X 14"" mat",2006-2008,Ink on paper,150,Drawings and Black and White Prints,,,,,
Observing Closely,"11"" X 14"" mat",2006-2008,Pencil on paper,150,Drawings and Black and White Prints,,,,,
Ponds Edge,"11"" X 14"" mat",2006-2008,Pencil on paper,150,Drawings and Black and White Prints,,,,,
Questions,"11"" X 14"" mat",2006-2008,Pencil on paper,150,Drawings and Black and White Prints,,,,,
Recital,"11"" X 14"" mat",2006-2008,Ink on paper,150,Drawings and Black and White Prints,,,,,
Resting,"11"" X 14"" mat",2006-2008,Ink on paper,150,Drawings and Black and White Prints,,,,,
School Children,"11"" X 14"" mat",2006-2008,Pencil on paper,150,Drawings and Black and White Prints,,,,,
Seated Model,"11"" X 14"" mat",2006-2008,Pencil on paper,150,Drawings and Black and White Prints,,,,,
Silk Road,"11"" X 14"" mat",2006-2008,Pencil on paper,150,Drawings and Black and White Prints,,,,,
St John's Pond,"11"" X 14"" mat",2006-2008,Ink on paper,150,Drawings and Black and White Prints,,,,,
Staying a Float,"11"" X 14"" mat",2006-2008,Pencil on paper,150,Drawings and Black and White Prints,,,,,
The Armchair Traveler,"11"" X 14"" mat",2006-2008,Pencil on paper,150,Drawings and Black and White Prints,,,,,
The Cosmic Car Theory,"11"" X 14"" mat",2006-2008,Pencil on paper,150,Drawings and Black and White Prints,,,,,
The Dance,"11"" X 14"" mat",2006-2008,Pencil on paper,150,Drawings and Black and White Prints,,,,,
The Hall,"11"" X 14"" mat",2006-2008,Pencil on paper,150,Drawings and Black and White Prints,,,,,
The Library,"11"" X 14"" mat",2006-2008,Pencil on paper,150,Drawings and Black and White Prints,,,,,
The Parade,"11"" X 14"" mat",2006-2008,Ink on paper,150,Drawings and Black and White Prints,,,,,
The Road to the Market,"11"" X 14"" mat",2006-2008,Pencil on paper,150,Drawings and Black and White Prints,,,,,
The Tall Tale,"11"" X 14"" mat",2006-2008,Ink on paper,150,Drawings and Black and White Prints,,,,,
The Waiting Room,"11"" X 14"" mat",2006-2008,Pencil on paper,150,Drawings and Black and White Prints,,,,,
They Could Not Be Caught,"11"" X 14"" mat",2006-2008,Pencil on paper,150,Drawings and Black and White Prints,,,,,
They Talked of Religion,"11"" X 14"" mat",2006-2008,Pencil on paper,150,Drawings and Black and White Prints,,,,,
They Thought About the Day Over Coffee,"11"" X 14"" mat",2006-2008,Pencil on paper,150,Drawings and Black and White Prints,,,,,
They Waited,"11"" X 14"" mat",2006-2008,Pencil on paper,150,Drawings and Black and White Prints,,,,,
Travel Picture,"11"" X 14"" mat",2006-2008,Pencil on paper,150,Drawings and Black and White Prints,,,,,
Under the Bridge,"11"" X 14"" mat",2006-2008,Pencil on paper,150,Drawings and Black and White Prints,,,,,
Under the Island,"11"" X 14"" mat",2006-2008,Pencil on paper,150,Drawings and Black and White Prints,,,,,
While he Sat his Thoughts Wondered,"11"" X 14"" mat",2006-2008,Ink on paper,150,Drawings and Black and White Prints,,,,,
Wrestlers,"11"" X 14"" mat",2006-2008,Ink on paper,150,Drawings and Black and White Prints,,,,,
"WWI Soldier, Reaction to Gross Print","6.5"" x 10""",2017,Reed and Ink,150,Drawings and Black and White Prints,,,,,
Boats,"6.5"" x 9.5""",1975,Graphite,150,Drawings and Black and White Prints,,,,,
Trenton Art All Day Site,"7.5"" x 10.5""",2015,Pen and Ink,150,Drawings and Black and White Prints,,,,,
Camp Fire,"10"" x 10""",2017,acrylic,sold,Field and Lakes,,,,,
Camp Fire 2,"10"" x 10""",2017,Acrylic,260,Field and Lakes,,,,,
Camp Fire 3,"10"" x 10""",2017,Acrylic,sold,Field and Lakes,,,,,
Pennsylvania Fishing Camp,"10"" x 13""",1998,Pastels,325,Field and Lakes,,294,,,
Assunpink Summer Fields,"11"" X 14""",2015,Watercolor on paper,400,Field and Lakes,,,,,
"Back Pasture, San Antonio","11"" x 14""",2017,Acrylic,400,Field and Lakes,,,,,
Clay Print 4,"11"" x 14""",2010,Clay,400,Field and Lakes,,,,,
Haddonfield Bridge,"11"" x 14""",,Watercolor on paper,400,Field and Lakes,,,,,
Summer Greens,"11"" x 14""",2015,Pastels,400,Field and Lakes,,,,,
"Terhune Orchard, Apple Trees","11"" x 14""",2017,Acrylic,400,Field and Lakes,,,,,
"Terhune Orchard, Cherries","11"" x 14""",2017,Acrylic,400,Field and Lakes,,,,,
Brown Field,"11"" x 14"" mat",,Watercolor on paper,400,Field and Lakes,,,,,
"Delaware Water Gap, Fall Field","11"" x 14"" mat",,Watercolor on paper,400,Field and Lakes,,,,,
Dorsey's Fishing Place,"11"" x 14"" mat",,Watercolor on paper,sold,Field and Lakes,,,,,
Early Fall Meadow,"11"" x 14"" mat",,Watercolor on paper,400,Field and Lakes,,,,,
Early Summer Corn Field,"11"" x 14"" mat",,Watercolor on paper,400,Field and Lakes,,,,,
Field in Early Morning Light,"11"" x 14"" mat",,Watercolor on paper,400,Field and Lakes,,,,,
"Spillway, Allaire State Park","14"" x 11""",2001,Pastels,400,Field and Lakes,,298,,,
Blueberry Irrigation Pond,"16"" x 20""",2003,Oil,800,Field and Lakes,,288,,,
Assunpink Fall Weeds,"16"" x 24""",2014,Acrylic,960,Field and Lakes,,,,,
Assunpink Stone Tavern Lake,"18"" X 24""",2009,Acrylic,1000,Field and Lakes,,,,,
Fall Entrance to Field,"20"" x 20""",2020,Acrylic,1000,Field and Lakes,,,,,
Fall Entrance to Field 2,"20"" x 20""",2020,Acrylic,1000,Field and Lakes,,,,,
"Fall, Into the Wood","20"" x 20""",2020,Acrylic,1000,Field and Lakes,,,,,
San Antonio Aqueduct,"24"" x 15.5""",2016,Acrylic,1000,Field and Lakes,,,,,
8/28/08 Evening,"4.5"" x 5.5""",2008,Watercolor,210,Field and Lakes,,,,,
Laurita Winery 3,"4.5"" x 5.5""",2009,Watercolor,210,Field and Lakes,,371,,,
PCS Fishing Camp Fall,"4.5"" x 6.5""",1996,Pastels,210,Field and Lakes,,112,,,
Etra Park Fall Walk 1,"4.5"" x 6""",1996,Pastels,210,Field and Lakes,,97,,,
Farm Field 1,"4.5"" x 6""",1995,Pastels,210,Field and Lakes,,45,,,
PCS Assunpink House,"4.5"" x 6""",1995,Pastels,210,Field and Lakes,,61,,,
PCS Assunpink Tree,"4.5"" x 6""",1995,Pastels,210,Field and Lakes,,55,,,
PCS Farm Field 2,"4.5"" x 6""",1995,Pastels,210,Field and Lakes,,47,,,
PCS Farm Field 3,"4.5"" x 6""",1995,Pastels,210,Field and Lakes,,46,,,
PCS Farm Field 4,"4.5"" x 6""",1995,Pastels,210,Field and Lakes,,48,,,
PCS Farm Field 5,"4.5"" x 6""",1995,Pastels,210,Field and Lakes,,49,,,
PCS Farm Field 8,"4.5"" x 6""",1995,Pastels,210,Field and Lakes,,52,,,
PCS Farm Road ,"4.5"" x 6""",1995,Pastels,210,Field and Lakes,,41,,,
PCS Farm Road 2,"4.5"" x 6""",1995,Pastels,210,Field and Lakes,,47,,,
PCS Organic Farm Stand,"4.5"" x 6""",1995,Pastels,210,Field and Lakes,,62,,,
PCS Summer Camp Bridge,"4.5"" x 6""",1996,Pastels,210,Field and Lakes,,,,,
Ocky Cabin,"4"" x 5.5""",2007,Pastels,,Field and Lakes,,209,,,
PCS Farm Gate,"5"" x 6""",1995,Pastels,210,Field and Lakes,,44,,,
PCS Fishing Camp Fall 2,"5"" x 6""",1995,Pastels,210,Field and Lakes,,,,,
New Jersey Farm 1,"6.5"" x 8""",1991,Pastels,210,Field and Lakes,,14,,,
PCS Farm Road 3,"6"" x 5""",1995,Pastels,210,Field and Lakes,,43,,,
River Reflections 1,"7"" x 10""",2012,Pastels,400,Field and Lakes,,446,,,
River Reflections 2,"7"" x 10""",2012,Pastels,400,Field and Lakes,,447,,,
Millstone Watershed Pond,"7"" x 9""",1998,Pastels,210,Field and Lakes,,,,,
NJ Farm,"7"" x 9""",1996,Pastels,210,Field and Lakes,,,,,
NJ Farm House,"7"" x 9""",1996,Pastels,210,Field and Lakes,,,,,
Swimming Area Boundries,"7"" x 9""",2008,Acrylic,,Field and Lakes,,,,,
The Lake at Ocky,"8"" X 10""",2008,Acrylic,,Field and Lakes,,,,,
7 16 09 Morning,"8"" x 10"" mat",2009,Watercolor,210,Field and Lakes,,,,,
7 23 09 Morning,"8"" x 10"" mat",2009,Watercolor,210,Field and Lakes,,,,,
7 24 09 Morning,"8"" x 10"" mat",2009,Watercolor,210,Field and Lakes,,,,,
7 24 09 Sunset,"8"" x 10"" mat",2009,Watercolor,210,Field and Lakes,,,,,
Ocky Dock,"8"" x 10"" mat",2007,,,Field and Lakes,,,,,
Ocky Dock 2,"8"" x 10"" mat",2007,,,Field and Lakes,,,,,
Ocky Fall Dock,"8"" x 10"" mat",2007,Watercolor,210,Field and Lakes,,,,,
ss 2008 i,"8"" x 10"" mat",2008,,210,Field and Lakes,,,,,
ss 2008 ii,"8"" x 10"" mat",2008,,210,Field and Lakes,,,,,
ss 2008 iii,"8"" x 10"" mat",2008,,210,Field and Lakes,,,,,
ss 2008 iv,"8"" x 10"" mat",2008,,210,Field and Lakes,,,,,
ss 2008 ix,"8"" x 10"" mat",2008,,210,Field and Lakes,,,,,
ss 2008 v,"8"" x 10"" mat",2008,,210,Field and Lakes,,,,,
ss 2008 vi,"8"" x 10"" mat",2008,,210,Field and Lakes,,,,,
ss 2008 vii,"8"" x 10"" mat",2008,,210,Field and Lakes,,,,,
ss 2008 viii,"8"" x 10"" mat",2008,,210,Field and Lakes,,,,,
ss 2008 x,"8"" x 10"" mat",2008,,210,Field and Lakes,,,,,
ss 2008 xi,"8"" x 10"" mat",2008,,210,Field and Lakes,,,,,
ss 2008 xii,"8"" x 10"" mat",2008,,210,Field and Lakes,,,,,
ss 2008 xiii,"8"" x 10"" mat",2008,,210,Field and Lakes,,,,,
ss 2008 XIX,"8"" x 10"" mat",2008,,210,Field and Lakes,,,,,
ss 2008 xv,"8"" x 10"" mat",2008,,210,Field and Lakes,,,,,
ss 2008 xvi,"8"" x 10"" mat",2008,,210,Field and Lakes,,,,,
St Mary's Co. Barn,"8"" x 10"" mat",1976,Watercolor on paper,210,Field and Lakes,,,,,
New Jersey Farm House ,"9.5"" x 12""",1991,Pastels,400,Field and Lakes,,16,,,
Empty box Creek,"9"" x 12""",,Pastels,400,Field and Lakes,,,,,
Summer Camp,"9"" x 13""",2008,Acrylic,,Field and Lakes,,,,,
The Encounter in the Woods,2008,,Pastels,sold,Forest Path,,,,,
Grid Landscape,2013,,Watercolor on paper,250,Forest Path,,,,,
Mike's Waterfall on the AT,"10 1/2"" x 13 1/2""",2020,Mono print,400,Forest Path,,,,,
Autumn Reflections,"10"" x 10""",2019,Acrylic,sold,Forest Path,,,,,
Moss NH,"10"" x 10""",2019,Acrylic,260,Forest Path,,,,,
Roosevelt Woods,"10"" x 10""",2017,Acrylic,260,Forest Path,,,,,
Tillman Ravine Fall Stream,"10"" x 10""",2016,Acrylic,sold,Forest Path,,,,,
Tillman Ravine Fall Stream 2,"10"" x 10""",2016,Acrylic,260,Forest Path,,,,,
Tillman Ravine Fall Stream 3,"10"" x 10""",2016,Acrylic,sold,Forest Path,,,,,
Tillman Ravine Fall Stream 4,"10"" x 10""",2016,Acrylic,sold,Forest Path,,,,,
Tillman Ravine Fall Stream 5,"10"" x 10""",2016,Acrylic,sold,Forest Path,,,,,
New Jersey Stream,"10"" x 13""",2000,Pastels,325,Forest Path,,190,,,
Deer in the Woods,"10"" x 8"" mat",2012,Pastels,250,Forest Path,,,,,
A Walk in the Woods,"11"" x 14""",,Acrylic,sold,Forest Path,,,,,
Forest Bathing,"11"" x 14""",2014,Acrylic,400,Forest Path,,,,,
NJ Woods Walk,"11"" x 14""",2001,Pastels,400,Forest Path,,213,,,
NJ Woods Walk 2,"11"" x 14""",1998,Pastels,400,Forest Path,,,,,
Sunrise Mountain,"11"" x 14""",,Watercolor on paper,400,Forest Path,,,,,
Woodland Path,"11"" x 14""",2018,Acrylic,400,Forest Path,,,,,
"Delaware Water Gap, Fall Woods","11"" x 14"" mat",,Watercolor,sold,Forest Path,,,,,
Emerald Pool Plein Aire,"11"" X 14"" mat",,Watercolor,400,Forest Path,,,,,
Fall Mountain Stream,"11"" x 14"" mat",,Watercolor on paper,400,Forest Path,,,,,
New Jersey Stream 1,"11"" x 14"" mat",2000,Pastels,400,Forest Path,,,,,
North NJ Trout Stream Bridge 2,"11"" x 14"" mat",2000,Pastels,400,Forest Path,,,,,
Sunset Pikes Peak,"11"" x 14"" mat",2008,colored pencil,300,Forest Path,,,,,
Fall Ferns,"12"" x 16""",2020,Acrylic,500,Forest Path,,,,,
Path to Emerald Pool 2,"12"" x 16""",2019,Acrylic,500,Forest Path,,,,,
NJ Trout Stream 3,"16"" x 20""",1998,Pastels,800,Forest Path,,309,,,
North NJ Trout Stream Bridge,"16"" x 20""",2000,Pastels,800,Forest Path,,293,,,
Spring Trail,"16"" x 20""",2003,Oil,800,Forest Path,,299,,,
"Delaware Water Gap, Stream 2","18"" x 24""",,Acrylic,1000,Forest Path,,,,,
Roosevelt Woods Walk 2,"18"" x 24""",2009,Acrylic,1000,Forest Path,,329,,,
"Roosevelt Woods, Late Afternoon","18"" x 24""",2009,Acrylic,1000,Forest Path,,,,,
Two Roads Divided in a Yellow Woods,"18"" X 24""",2016,Acrylic,1000,Forest Path,,,,,
PCS Red Woods,"4.5"" x 6.5""",1997,Pastels,sold,Forest Path,,109,,,
Mending Walls,"8"" x 10""",2015,Acrylic,250,Forest Path,,,,,
Mountain Falls,"8"" x 10""",2018,Acrylic,250,Forest Path,,,,,
My November Guest,"8"" x 10""",2015,Acrylic,250,Forest Path,,,,,
Roosevelt Trail,"8"" x 10""",2016,Acrylic,250,Forest Path,,,,,
Woods Path,"8"" x 10""",2018,Acrylic,250,Forest Path,,,,,
Hiking in the Mountains,"8"" X 10"" Mat",2011,Watercolor on paper,210,Forest Path,,,,,
Winter Woods,"8"" x 10"" mat",2009,Mixmedia,210,Forest Path,,,,,
"Sunrise Mountain, Plein Aire","11"" x 14"" mat",2016,Watercolor,400,Forest Path,,,,,
Pleasant Run Garden,"11"" x 14""",2015,Watercolor,400,Garden,,,,,
Rutger's Gardens Early Spring  ,"11"" X 14""",2018,Acrylic,400,Garden,,,,,
Sharp's Garden Bird Bath,"11"" x 14""",2013,Watercolor,400,Garden,,,,,
Sharp's Garden Notes,"11"" x 14""",2013,Watercolor,400,Garden,,,,,
Sharp's Garden Patio,"11"" x 14""",2013,Watercolor,400,Garden,,,,,
Sharp's Pink Lawn Chairs,"11"" x 14""",2013,Watercolor,400,Garden,,,,,
Thompson-Neely House,"11"" X 14""",2016,Acrylic,400,Garden,,,,,
My Garden,"11"" x 8.5""",2011,Acrylic,320,Garden,,,,,
Sayen Garden Fountain,"11`"" x 14"" mat",2016,Watercolor,400,Garden,,,,,
Rutger's Gardens Early Spring Path,"12"" x 16""",2018,Acrylic,500,Garden,,,,,
Spring Brookside,"22"" x 18""",1993,Pastels,1000,Garden,,,,,
Tea House,"25"" X 19""",1989,Pastels,1000,Garden,,,,,
Rutger's Garden Plein Aire,"8"" x 10""",2017,Acrylic,250,Garden,,,,,
"Rutger's Garden, Herb Garden","8"" x 10""",2018,Acrylic,250,Garden,,,,,
Walford Rocker,"8"" x 10""",2017,Acrylic,250,Garden,,,,,
"National Arboretum, Creek","10"" x 12.5""",1989,Pastels,400,Gardens,,,,,
"Bridge, Sayen Garden","10"" x 13.5""",2000,Pastels,400,Gardens,,120,,,
Kensington Late Summer,"10"" x 13""",1989,Pastels,400,Gardens,,72,,,
National Arboretum Azalea Garden 2,"10"" x 13""",1989,Pastels,400,Gardens,,28,,,
National Arboretum Early Spring,"10"" x 13""",1989,Pastels,400,Gardens,,32,,,
Tea House at Brookside,"10"" x 20""",1990,Pastels,500,Gardens,,74,,,
Brookside Stream Fall 2,"11"" x 14""",1989,Pastels,400,Gardens,,25,,,
"Fall Leaves, Brookside","11"" x 14""",1989,Pastels,400,Gardens,,36,,,
Garden Tour Painting,"11"" x 14""",,Watercolor on paper,400,Gardens,,,,,
Kuser Mansion 2,"11"" x 14""",2016,Acrylic,400,Gardens,,,,,
Kuser Mansion Plein Aire,"11"" X 14""",2016,Acrylic,400,Gardens,,,,,
National Arboretum Azalea Garden 1,"11"" x 14""",1989,Pastels,400,Gardens,,27,,,
Summer Stage,"11"" x 14""",1989,Pastels,400,Gardens,,39,,,
Kirk and Susan's Garden,"11"" x 14"" mat",,Watercolor on paper,sold,Gardens,,,,,
Kirk and Susan's Garden 2,"11"" x 14"" mat",,Watercolor on paper,sold,Gardens,,,,,
Kirk and Susan's Garden 3,"11"" x 14"" mat",,Watercolor on paper,sold,Gardens,,,,,
Kirk and Susan's Garden 4,"11"" x 14"" mat",,Watercolor on paper,sold,Gardens,,,,,
Kirk and Susan's Garden 5,"11"" x 14"" mat",,Watercolor on paper,sold,Gardens,,,,,
Kirk and Susan's Garden 6,"11"" x 14"" mat",,Watercolor on paper,sold,Gardens,,,,,
"McCrillis, Spring Walk","11"" x 16""",1989,Pastels,440,Gardens,,33,,,
National Arboretum Fall,"13"" x 13""",1989,Pastels,460,Gardens,,11,,,
Brookside Stream Fall 1,"14"" x 11""",1989,Pastels,400,Gardens,,24,,,
"Patio, Dumbarton Oaks","14"" x 20""",1991,Pastels,700,Gardens,,3,,,
Brookside Tulips,"15"" x 18""",1989,Pastels,675,Gardens,,77,,,
Brookside Fall Walk,"15"" x 22""",1989,Pastels,825,Gardens,,29,,,
Brookside Fall Bridge,"15"" x 24""",1989,Pastels,900,Gardens,,21,,,
"Rose Garden, Brookside","15""x22""",1989,Pastels,825,Gardens,,34,,,
Garden Bridge,"16"" x 20""",2000,Pastels,800,Gardens,,291,,,
"Bridge at Brookside Gardens, Fall","16"" x 21""",1989,Pastels,840,Gardens,,21,,,
"Brookside, Winter Walk","18"" x 24""",1989,Pastels,1000,Gardens,,26,,,
Brookside Winter Walk 2,"19"" x 22""",1989,Pastels,1000,Gardens,,37,,,
Woodend Hemlock Grove 1,"19"" x 25""",1989,Pastels,1000,Gardens,,20,,,
National Arboretum Beech Pond,"23"" x 35""",1989,Pastels,1000,Gardens,,22,,,
Woodend Hemlock Grove 2,"25"" x 19""",1989,Pastels,1000,Gardens,,38,,,
PCS Cathedral Garden Door,"4.5"" x 6""",1996,Pastels,210,Gardens,,63,,,
"PCS Cathedral Garden Gate, Winter ","4.5"" x 6""",1995,Pastels,210,Gardens,,104,,,
"PCS Cathedral Garden Gate, Winter 2","4.5"" x 6""",1994,Pastels,210,Gardens,,,,,
PCS Dumbarton Oaks Fountain,"4.5"" x 6""",1993,Pastels,210,Gardens,,5,,,
PCS Garden Fountain 2,"4.5"" x 6""",1994,Pastels,210,Gardens,,69,,,
PCS Garden Pond,"4.5"" x 6""",1994,Pastels,210,Gardens,,65,,,
PCS Winter Colors Brookdale,"4.5"" x 6""",1996,Pastels,210,Gardens,,114,,,
PCS Yellow Dogwood,"5"" x 6.5""",1996,Pastels,210,Gardens,,116,,,
"PCS Dumbarton Oaks, Orangery","5"" x 6""",1995,Pastels,210,Gardens,,64,,,
PCS Rose Garden Path ,"5"" x 6""5""",1996,Pastels,210,Gardens,,113,,,
PCS Woodend Hemlock Grove,"5"" x 7""",1996,Pastels,210,Gardens,,96,,,
"PCS Cathedral Garden, Winter 1","6.5"" x 4.5""",1996,Pastels,210,Gardens,,111,,,
Back Garden Tea House,"6"" x 9.5""",1994,Pastels,300,Gardens,,70,,,
Brookside Summer,"7"" x 10""",1993,Pastels,400,Gardens,,6,,,
Brookside Path,"7"" x 9"" mat",1989,pastels,250,Gardens,,,,,
Garden Path,"8"" x 10""",2019,Acrylic and paper,250,Gardens,,,,,
Rutgers Garden Woods,"8"" x 10""",2018,Acrylic,250,Gardens,,,,,
7 16 09 Evening,"8"" x 10"" mat",2009,Watercolor on paper,210,Gardens,,,,,
National Arboretum Pavillian ,"8"" x 12""",1989,Pastels,250,Gardens,,10,,,
"Summer Path, Dumbarton Oaks","9.5"" x 14""",1989,Pastels,350,Gardens,,76,,,
"Fall Bridge, Brookside","9"" x 12""",1989,Pastels,350,Gardens,,71,,,
Icarus1,,,Clear Tape Sculpture,,Icarus,,,,,
Icarus3,,,Clear Tape Sculpture,,Icarus,,,,,
Icarus9,,,Clear Tape Sculpture,,Icarus,,,,,
Happy and Doc at a Birthday Party,"11"" x 14"" mat",2012,Watercolor,100,Illustrations,,,,,
Pony Express Rider,"11"" x 14"" mat",2010,Watercolor,100,Illustrations,,,,,
Princeton Trader Joe Poster 1,"11"" x 14"" mat",2013,Watercolor,,Illustrations,,,,,
Princeton Trader Joe Poster 2,"11"" X 14"" mat",2013,Watercolor,,Illustrations,,,,,
Camels,"6"" x 6.5""",2011,Watercolor,100,Illustrations,,,,,
Camels with School Children,"6"" x 6.5""",2011,Watercolor,100,Illustrations,,,,,
Fighting Fires,"8"" x 10"" mat",,Watercolor,210,Illustrations,,,,,
"New Clothes, Aug 30th","8"" x 10"" mat",2016,Watercolor,210,Illustrations,,,,,
Peguins,"8"" x 10"" mat",2012,Watercolor,210,Illustrations,,,,,
Scary Clowns Dancing,"8"" x 10"" mat",2011,Watercolor,210,Illustrations,,,,,
Mom and Dad Dancing 1,"5"" x 7""",2019,Acrylic,,"Mom and Dad Dancing, the Movie",,,,,
Mom and Dad Dancing 10,"5"" x 7""",2019,Acrylic,,"Mom and Dad Dancing, the Movie",,,,,
Mom and Dad Dancing 11,"5"" x 7""",2019,Acrylic,,"Mom and Dad Dancing, the Movie",,,,,
Mom and Dad Dancing 12,"5"" x 7""",2019,Acrylic,,"Mom and Dad Dancing, the Movie",,,,,
Mom and Dad Dancing 13,"5"" x 7""",2019,Acrylic,,"Mom and Dad Dancing, the Movie",,,,,
Mom and Dad Dancing 14,"5"" x 7""",2019,Acrylic,,"Mom and Dad Dancing, the Movie",,,,,
Mom and Dad Dancing 15,"5"" x 7""",2019,Acrylic,,"Mom and Dad Dancing, the Movie",,,,,
Mom and Dad Dancing 16,"5"" x 7""",2019,Acrylic,,"Mom and Dad Dancing, the Movie",,,,,
Mom and Dad Dancing 17,"5"" x 7""",2019,Acrylic,,"Mom and Dad Dancing, the Movie",,,,,
Mom and Dad Dancing 18,"5"" x 7""",2019,Acrylic,,"Mom and Dad Dancing, the Movie",,,,,
Mom and Dad Dancing 19,"5"" x 7""",2019,Acrylic,,"Mom and Dad Dancing, the Movie",,,,,
Mom and Dad Dancing 2,"5"" x 7""",2019,Acrylic,,"Mom and Dad Dancing, the Movie",,,,,
Mom and Dad Dancing 20,"5"" x 7""",2019,Acrylic,,"Mom and Dad Dancing, the Movie",,,,,
Mom and Dad Dancing 3,"5"" x 7""",2019,Acrylic,,"Mom and Dad Dancing, the Movie",,,,,
Mom and Dad Dancing 4,"5"" x 7""",2019,Acrylic,,"Mom and Dad Dancing, the Movie",,,,,
Mom and Dad Dancing 5,"5"" x 7""",2019,Acrylic,,"Mom and Dad Dancing, the Movie",,,,,
Mom and Dad Dancing 6,"5"" x 7""",2019,Acrylic,,"Mom and Dad Dancing, the Movie",,,,,
Mom and Dad Dancing 7,"5"" x 7""",2019,Acrylic,,"Mom and Dad Dancing, the Movie",,,,,
Mom and Dad Dancing 8,"5"" x 7""",2019,Acrylic,,"Mom and Dad Dancing, the Movie",,,,,
Mom and Dad Dancing 9,"5"" x 7""",2019,Acrylic,,"Mom and Dad Dancing, the Movie",,,,,
Mom and Dad's Wedding 1,"5"" x 7""",2019,Acrylc,,Mom and Dad's Wedding Movie,,,,,
Mom and Dad's Wedding 10,"5"" x 7""",2019,Acrylic,,Mom and Dad's Wedding Movie,,,,,
Mom and Dad's Wedding 11,"5"" x 7""",2019,Acrylic,,Mom and Dad's Wedding Movie,,,,,
Mom and Dad's Wedding 12,"5"" x 7""",2019,Acrylic,,Mom and Dad's Wedding Movie,,,,,
Mom and Dad's Wedding 13,"5"" x 7""",2019,Acrylic,,Mom and Dad's Wedding Movie,,,,,
Mom and Dad's Wedding 14,"5"" x 7""",2019,Acrylic,,Mom and Dad's Wedding Movie,,,,,
Mom and Dad's Wedding 15,"5"" x 7""",2019,Acrylic,,Mom and Dad's Wedding Movie,,,,,
Mom and Dad's Wedding 16,"5"" x 7""",2019,Acrylic,,Mom and Dad's Wedding Movie,,,,,
Mom and Dad's Wedding 17,"5"" x 7""",2019,Acrylic,,Mom and Dad's Wedding Movie,,,,,
Mom and Dad's Wedding 2,"5"" x 7""",2019,Acrylic,,Mom and Dad's Wedding Movie,,,,,
Mom and Dad's Wedding 3,"5"" x 7""",2019,Acrylic,,Mom and Dad's Wedding Movie,,,,,
Mom and Dad's Wedding 4,"5"" x 7""",2019,Acrylic,,Mom and Dad's Wedding Movie,,,,,
Mom and Dad's Wedding 5,"5"" x 7""",2019,Acrylic,,Mom and Dad's Wedding Movie,,,,,
Mom and Dad's Wedding 6,"5"" x 7""",2019,Acrylic,,Mom and Dad's Wedding Movie,,,,,
Mom and Dad's Wedding 7,"5"" x 7""",2019,Acrylic,,Mom and Dad's Wedding Movie,,,,,
Mom and Dad's Wedding 8,"5"" x 7""",2019,Acrylic,,Mom and Dad's Wedding Movie,,,,,
Mom and Dad's Wedding 9,"5"" x 7""",2019,Acrylic,,Mom and Dad's Wedding Movie,,,,,
Mom Dancing 1,"5"" x 7""",2019,Acrylic,,"Mom Dancing, the Movie",,,,,
Mom Dancing 10,"5"" x 7""",2019,Acrylic,,"Mom Dancing, the Movie",,,,,
Mom Dancing 11,"5"" x 7""",2019,Acrylic,,"Mom Dancing, the Movie",,,,,
Mom Dancing 12,"5"" x 7""",2019,Acrylic,,"Mom Dancing, the Movie",,,,,
Mom Dancing 13,"5"" x 7""",2019,Acrylic,,"Mom Dancing, the Movie",,,,,
Mom Dancing 14,"5"" x 7""",2019,Acrylic,,"Mom Dancing, the Movie",,,,,
Mom Dancing 15,"5"" x 7""",2019,Acrylic,,"Mom Dancing, the Movie",,,,,
Mom Dancing 16,"5"" x 7""",2019,Acrylic,,"Mom Dancing, the Movie",,,,,
Mom Dancing 17,"5"" x 7""",2019,Acrylic,,"Mom Dancing, the Movie",,,,,
Mom Dancing 18,"5"" x 7""",2019,Acrylic,,"Mom Dancing, the Movie",,,,,
Mom Dancing 19,"5"" x 7""",2019,Acrylic,,"Mom Dancing, the Movie",,,,,
Mom Dancing 2,"5"" x 7""",2019,Acrylic,,"Mom Dancing, the Movie",,,,,
Mom Dancing 20,"5"" x 7""",2019,Acrylic,,"Mom Dancing, the Movie",,,,,
Mom Dancing 21,"5"" x 7""",2019,Acrylic,,"Mom Dancing, the Movie",,,,,
Mom Dancing 3,"5"" x 7""",2019,Acrylic,,"Mom Dancing, the Movie",,,,,
Mom Dancing 4,"5"" x 7""",2019,Acrylic,,"Mom Dancing, the Movie",,,,,
Mom Dancing 5,"5"" x 7""",2019,Acrylic,,"Mom Dancing, the Movie",,,,,
Mom Dancing 6,"5"" x 7""",2019,Acrylic,,"Mom Dancing, the Movie",,,,,
Mom Dancing 7,"5"" x 7""",2019,Acrylic,,"Mom Dancing, the Movie",,,,,
Mom Dancing 8,"5"" x 7""",2019,Acrylic,,"Mom Dancing, the Movie",,,,,
Mom Dancing 9,"5"" x 7""",2019,Acrylic,,"Mom Dancing, the Movie",,,,,
Drawing area,,,,,New Studio,,,,,
license and George,,,,,New Studio,,,,,
Mom's Birds come to roost,,,,,New Studio,,,,,
Print press on porch,,,,,New Studio,,,,,
Shed is delivered,,,,,New Studio,,,,,
View of shed,,,,,New Studio,,,,,
"Bruno's Bicycle, Bruno at Front Counter","11"" x 14"" mat",2013,Watercolor,400,NJ  Towns and Shops,,,,,
"Bruno's Bicycle, Dog Bar","11"" x 14"" mat",2013,Watercolor,400,NJ Towns and Shops,,,,,
"Bruno's Bicycle, Front Window","11"" x 14"" mat",2013,Watercolor,400,NJ Towns and Shops,,,,,
"Bruno's Bicycle, One Sweet Ride Candy Shop","11"" x 14"" mat",2013,Watercolor,400,NJ Towns and Shops,,,,,
House of Virginia Ave.,"11"" x 14"" mat",2014,Watercolor,400,NJ Towns and Shops,,,,,
My Street Fall,"4"" x 6""",2012,Watercolor,210,NJ Towns and Shops,,,,,
Allentown Street Scene,"5"" x 7""",,Acrylic,sold,NJ Towns and Shops,,,,,
Laurita Winery 1,"8"" x 10"" mat",2009,Watercolor,210,NJ Towns and Shops,,,,,
Laurita Winery 3,"8"" x 10"" mat",2009,Watercolor,210,NJ Towns and Shops,,,,,
Laurita Winery 5,"8"" x 10"" mat",2009,Watercolor,210,NJ Towns and Shops,,,,,
Mill Pond,"8"" x 10"" mat",1999,Watercolor,sold,NJ Towns and Shops,,,,,
Summer Camp Arts and Craft Parvillian,"11"" x 14"" mat",2008,Mix Media,,Ocky,,,,,
Swimming Area Boundries,"7"" x 9""",2008,Acrylic,,Ocky,,,,,
Dinning Hall Window,"8"" x 10""",,Mix Media,,Ocky,,,,,
The Lake at Ocky,"8"" X 10""",2008,Acrylic,,Ocky,,,,,
Archery,"8"" x 10"" mat",2009,Watercolor,210,Ocky,,,,,
Camp Canoe,"8"" x 10"" mat",2010,Watercolor,210,Ocky,,,,,
"Mike, Rope Bridge, Ocky","8"" x 10"" mat",2011,Watercolor,210,Ocky,,,,,
Ocky Boats,"8"" x 10"" mat",2007,Pastels,,Ocky,,,,,
Ocky Cabin,"8"" x 10"" mat",2007,Acrylic,,Ocky,,,,,
Ocky Dock,"8"" x 10"" mat",2007,Watercolor,,Ocky,,,,,
Ocky Dock 2,"8"" x 10"" mat",2007,Watercolor,,Ocky,,,,,
Ocky Fall Dock,"8"" x 10"" mat",2007,Watercolor,210,Ocky,,,,,
Summer Camp  ,"9"" x 13""",2008,Acrylic,,Ocky,,,,,
Golden Dinning Room,"16"" x 20""",2005,Oil,800,Other Interior,,,,,
Trent House Bedroom,"6"" x 7""",2019,Watercolor,210,Other Interior,,,,,
Trent House Chairs,"6"" x 7""",2019,Watercolor,210,Other Interior,,,,,
Rutgers Garden's Log Cabin,"8"" x 10""",2018,Acrylic,250,Other Interior,,,,,
Red Chair,"10"" x 15""",1980's,Mixed Media,400,Other Interiors,,,,,
Red Chair,"10"" x 15""",1980's,Mix Media,400,Other Interiors,,,,,
"After the Hunt, Black and Red Interior","11"" x 13""",1979,Mix Media,400,Other Interiors,,399,,,
"Red Chairs, Dinning Room","12"" x 16""",,Oil Pastels,500,Other Interiors,,,,,
Orange Living Room,"12"" x 16""",2005,Oils,500,Other Interiors,,,,,
Yellow Living Room,"12"" x 16""",2008,Oil pastels,500,Other Interiors,,,,,
Blue Living Room,"16"" x 20""",2002,Oil,800,Other Interiors,,289,,,
Orange Library,"16"" x 20""",2005,Oil,800,Other Interiors,,204,,,
Purple Living Room,"16"" x 20""",2001,Oil,800,Other Interiors,,295,,,
Grandmother's TV Room,"2.5"" x 3.5""",1970's,Watercolor,210,Other Interiors,,198,,,
Yellow and Red Room,"20.5"" X 19""",1988,Watercolor,1000,Other Interiors,,,,,
Ellarslie Period Room,"22"" x 28"" mat",2019,Watercolor on paper,1000,Other Interiors,,,,,
Grandmother's Dining Room,"3.5"" x 2.5""",1976,Watercolor,210,Other Interiors,,197,,,
PCS The Hall,"4.5"" x 6""",1996,Pastels,210,Other Interiors,,98,,,
PCS Room With Red Wall,"5"" x 6.5""",1997,Pastels,210,Other Interiors,,100,,,
PCS Pink Livingroom,"5"" x 6""",1995,Pastels,210,Other Interiors,,58,,,
PCS Red Couch,"5"" x 7""",1989,Mix Media,210,Other Interiors,,,,,
Grandmother's Living Room,"6.5"" x 5""",1976,Watercolor,210,Other Interiors,,,,,
Blue Room,"6"" x 5""",1995,Pastels,210,Other Interiors,,57,,,
Red Couch in the Front Room,"8"" x 10""",1979,Mix Media,250,Other Interiors,,107,,,
Rutgers Garden's Log Cabin,"8"" x 10""",2018,Acrylic,250,Other Interiors,,,,,
Dawn's Chair,"8"" x 10"" mat",2020,Watercolor,sold,Other Interiors,,,,,
Ed's Chair,"8"" x 10"" mat",2020,Watercolor,sold,Other Interiors,,,,,
Judy's Chair,"8"" x 10"" mat",2020,Watercolor,sold,Other Interiors,,,,,
Paul F's Chair,"8"" x 10"" mat",2020,Watercolor,sold,Other Interiors,,,,,
Grandmother's Dinning Room 2,"8"" x 12""",1976,Mix Media,250,Other Interiors,,,,,
Grandmother's Chair,"9"" x 11.5""",1976,Mix Media,350,Other Interiors,,260,,,
On the Edge of a Pond,"11"" x 14""",2019,Acrylic,400,Painting on the Edge,,,,,
Beach Sunset,"8"" x 10""",2019,Acrylic,250,Painting on the Edge,,,,,
Birds on the Edge of a Brush Pile,"8"" x 10""",2019,Acrylic,250,Painting on the Edge,,,,,
Ducks on the Edge of the Pond,"8"" x 10""",2019,Acrylic,250,Painting on the Edge,,,,,
South Dakota Trout Stream,"8"" x 10""",2019,Acrylic,250,Painting on the Edge,,,,,
The Road Between the Fields,"8"" x 10""",2019,Acrylic,sold,Painting on the Edge,,,,,
Mom,"11"" x 14""",2017,Mix Media,400,People,,,,,
"Mom and Dad, Cutting the Rug","11"" x 14""",2016,Acrylic,sold,People,,,,,
Belly Dancer,"11"" x 14"" mat",2010,Watercolor,400,People,,,,,
Belly Dancers,"11"" x 14"" mat",2010,Watercolor,400,People,,,,,
Ben 2,"11"" x 14"" mat",1992,Pencil and Chalk,,People,,,,,
Ben 3,"11"" x 14"" mat",1992,Pencil and Chalk,,People,,,,,
Ben and Mike 5,"11"" x 14"" mat",1992,Pencil and Chalk,,People,,,,,
Childhood Picture of My Mother,"11"" x 14"" mat",1992,Pastels,,People,,,,,
Dad,"11"" x 14"" mat",2017,Mix Media,400,People,,,,,
Mexican Folk Dancers,"11"" x 14"" mat",2015,Watercolor,400,People,,,,,
Paul on the Mission Trail,"11"" x 14"" mat",2015,Watercolor,sold,People,,,,,
Ralph,"11"" x 14"" mat",2009,Color Pencil,75,People,,,,,
Seated Figure Mardi Gras Beads,"11"" x 14"" mat",2009,Watercolor,400,People,,,,,
Bob Burkey's Dad and Step Mom,"12"" x 16""",2019,Acrylic,sold,People,,,,,
Mom and Dad on the Deck,"12"" x 16""",2019,Acrylic,500,People,,,,,
The Burkey Men,"12"" x 16""",2019,Acrylic,sold,People,,,,,
Mom and Dad's Wedding Still,"18"" x 24""",2019,Acrylic,1000,People,,,,,
Mom and Dad's Wedding Still 2,"18"" x 24""",2019,Acrylic,1000,People,,,,,
Mom and Dad's Wedding Still 3,"18"" x 24""",2020,Acrylic,1000,People,,,,,
Laurita Winery 1,"4.5"" x 5.5""",2009,Watercolor,210,People,,369,,,
Mike in Cowboy and Horse Costume,"4.5"" X 7.5""",2011,Pastels,210,People,,224,,,
Flying a Kite,"4"" x 5""",2009,Watercolor,210,People,,403,,,
Mike the Fireman 1,"4"" x 5""",2010,Watercolor,210,People,,421,,,
Mike the Fireman 2,"4"" x 5""",2010,Watercolor,210,People,,422,,,
Walking in Sunshine,"4"" x 5""",2009,Watercolor,210,People,,408,,,
Bob Burkey,"5"" x 7""",2019,Acrylic,sold,People,,,,,
Bob Burkey's Father,"5"" x 7""",2019,Acrylic,sold,People,,,,,
Bob Burkey's Father 2,"5"" x 7""",2019,Acrylic,sold,People,,,,,
Bob Burkey's Father 3,"5"" x 7""",2019,Acrylic,sold,People,,,,,
Play Ball,"5"" x 7""",2015,Acrylic,210,People,,,,,
Waiting for the Bus,"5"" x 7""",2013,Acrylic,210,People,,,,,
"Mike, Rope Bridge, Ocky","6.5"" x 10.5""",2011,Watercolor,,People,,,,,
Self Portrait 3,"6"" x 12""",1970'S,Oils,,People,,,,,
Mike and Ben,"6"" x 9.5""",1991,Pencil,,People,,130,,,
Mardi Gras Beads,"7"" x 10""",2010,Watercolor,400,People,,,,,
Show Girls 2,"7"" x 11""",2009,Watercolor,400,People,,,,,
Ben Portait 1,"8.5"" x 10.5""",2008,Mix Media,,People,,205,,,
Ben Portrait 2,"8.5"" x 10.5""",2008,Mix Media,,People,,,,,
Kevin Gantt,"8.5"" x 12""",1989,Pastels,sold,People,,259,,,
A Boy and His Dog,"8"" x 10""",2020,Acrylic,250,People,,,,,
Dad Laughing on the Deck,"8"" x 10""",2019,Acrylic,250,People,,,,,
Mom 2,"8"" x 10""",2019,Acrylic,250,People,,,,,
Mom 4,"8"" x 10""",2019,Acrylic,250,People,,,,,
Mom 5,"8"" x 10""",2019,Acrylic,250,People,,,,,
Mom and Roommates in Japan 1946,"8"" x 10""",2020,Acrylic,250,People,,,,,
Mom Laughing,"8"" x 10""",2019,Acrylic,250,People,,,,,
"New Clothes, Aug 30th","8"" x 10""",2016,Watercolor,100,People,,,,,
Mom 3,"8"" x 10"" ",2019,Acrylic,250,People,,,,,
Archery,"8"" x 10"" mat",2009,Watercolor,210,People,,,,,
Bev,"8"" x 10"" mat",,Charcoal,50,People,,,,,
Bumble Bee 1,"8"" x 10"" mat",2010,Watercolor,210,People,,,,,
Bumble Bee 2,"8"" x 10"" mat",2010,Watercolor,210,People,,,,,
Camp Canoe,"8"" x 10"" mat",2010,Watercolor,210,People,,,,,
Chet 1,"8"" x 10"" mat",2009,Watercolor,210,People,,,,,
Chet 2,"8"" x 10"" mat",2009,Watercolor,210,People,,,,,
Chet 3,"8"" x 10"" mat",2009,Watercolor,210,People,,,,,
Dad Dancing 1a,"8"" x 10"" mat",2015,Watercolor,210,People,,,,,
Dad Dancing 2a,"8"" x 10"" mat",2015,Watercolor,210,People,,,,,
Dad Dancing 3a,"8"" x 10"" mat",2015,Watercolor,210,People,,,,,
Dad with Pumpkin,"8"" x 10"" mat",2016,Watercolor,210,People,,,,,
Elaina,"8"" x 10"" mat",,Charcoal,50,People,,,,,
Fishing With Grand Dad 1,"8"" x 10"" mat",2011,Watercolor,210,People,,,,,
Fishing With Grand Dad 2,"8"" x 10"" mat",2011,Watercolor,210,People,,,,,
Fishing With Grand Dad 3,"8"" x 10"" mat",2011,Watercolor,210,People,,,,,
Grandmother and Her Sisters,"8"" x 10"" mat",1990's,Pencil,50,People,,,,,
Grandmother and Her Sisters 1,"8"" x 10"" mat",1990's,Pencil,50,People,,,,,
Grandmother and Her Sisters 2,"8"" x 10"" mat",1990's,Pencil,50,People,,,,,
Grandmother and Her Sisters 3,"8"" x 10"" mat",1990's,Pencil,50,People,,,,,
Grandmother and Her Sisters 6,"8"" x 10"" mat",1990's,Pencil,50,People,,,,,
Hightstown Art Groups,"8"" x 11""",2005,Pencil,75,People,,,,,
Mike Portrait,"9.5 "" x 6""",1992,Pastels,,People,,,,,
Ben in a Tree,"9"" x 12""",2007,Oil,,People,,187,,,
Mike in Red Jacket,"9"" x 12""",2007,Oil,,People,,186,,,
Self Portrait 1,"9"" x 12""",1970s,Oil,,People,,,,,
Self Portrait 2,"9"" x 12""",1970s,Oil,,People,,,,,
Show Girl,"9"" x 12""",2009,Pastels,400,People,,378,,,
Grow Beyond the Drip Line,"10"" x 10""",2016,Acrylic,260,Roots,,,,,
Growth Rings,"10"" x 10""",2016,Acrylic,260,Roots,,,,,
Uprooted 1,"10"" x 10""",2017,Acrylic,260,Roots,,,,,
Uprooted 2,"10"" x 10""",2017,Acrylic,260,Roots,,,,,
Uprooted 3,"10"" x 10""",2017,Acrylic,260,Roots,,,,,
Uprooted 4,"10"" x 10""",2017,Acrylic,260,Roots,,,,,
Putting Down Roots,"20"" x 20""",2017,Acrylic,1000,Roots,,,,,
"Salt Marsh, November","11"" X 14""",2016,Acrylic,400,Salt Marsh,,,,,
"Salt Marsh, November 2","11"" X 14""",2016,Acrylic,400,Salt Marsh,,,,,
"Salt Marsh, November 3","11"" X 14""",2016,Acrylic,400,Salt Marsh,,,,,
"Salt Marsh, September","11"" X 14""",2016,Acrylic,400,Salt Marsh,,,,,
"Birds in Flight, Salt Marsh","18"" X 24""",2017,Acrylic,1000,Salt Marsh,,,,,
Cows in Overcast Field,"11"" x 14""",2019,Acrylic,400,South Dakota Trip,,,,,
Nebraska Cows,"12"" x 12""",2019,Acrylic,460,South Dakota Trip,,,,,
Turkeys,"12"" x 16""",2019,Acrylic,sold,South Dakota Trip,,,,,
Devil's Tower,"20"" x 20""",2019,Acrylic,1000,South Dakota Trip,,,,,
Antelope,"5"" x 7""",2019,Acrylic,150,South Dakota Trip,,,,,
Black Bill Magpie,"5"" x 7""",2019,Acrylic,150,South Dakota Trip,,,,,
Buffalo,"5"" x 7""",2019,Acrylic,150,South Dakota Trip,,,,,
Custer Park Buffalo,"5"" x 7""",2019,Acrylic,150,South Dakota Trip,,,,,
Field and Devil's Tower,"5"" x 7""",2019,Acrylic,150,South Dakota Trip,,,,,
Red and Blue Cows,"5"" x 7""",2019,Acrylic,150,South Dakota Trip,,,,,
Black Hills Waterfall,"8"" x 10""",2019,Acrylic,250,South Dakota Trip,,,,,
View from Corkscrew Road,"8"" x 10""",2019,Acrylic,250,South Dakota Trip,,,,,
Botanical Still Life,"11"" x 14""",2015,Acrylic,,Still Life,,,,,
Whisp Broom Ladies,"19"" x 25""",1989,Pastels,sold,Still Life,,,,,
Brown Chair,"8"" x 10"" mat",,Pastels,210,Still Life,,,,,
Chair with Blue Background,"8"" x 10"" mat",1993,Pastels,210,Still Life,,,,,
Chair with Pink Background,"8"" x 10"" mat",1993,Pastels,210,Still Life,,,,,
Still Life,"8"" x 10"" mat",1980,Watercolor,210,Still Life,,,,,
"Stone in the Middle of the Road, As a Bridge","10"" x 10""",2015,Acrylic,260,Stone in the Middle of the Road,,,,,
"Stone in the Middle of the Road, As the Leaves Fall","10"" x 10""",2015,Acrylic,260,Stone in the Middle of the Road,,,,,
"Stone in the Middle of the Road, Could Not Stop Nature","10"" x 10""",2015,Acrylic,260,Stone in the Middle of the Road,,,,,
"Stone in the Middle of the Road, Diverts the Path","10"" x 10""",2015,Acrylic,260,Stone in the Middle of the Road,,,,,
"Stone in the Middle of the Road, From Both Sides","10"" x 10""",2015,Acrylic,260,Stone in the Middle of the Road,,,,,
"Stone in the Middle of the Road, In the Woods","10"" x 10""",2015,Acrylic,260,Stone in the Middle of the Road,,,,,
"Stone in the Middle of the Road, It Grows On You","10"" x 10""",2015,Acrylic,260,Stone in the Middle of the Road,,,,,
"Stone in the Middle of the Road, It is the Small Things That Make a Difference","10"" x 10""",2015,Acrylic,260,Stone in the Middle of the Road,,,,,
"Stone in the Middle of the Road, Split in Two","10"" x 10""",2015,Acrylic,260,Stone in the Middle of the Road,,,,,
"Stone in the Middle of the Road, Split in Two, a Different View","10"" x 10""",2015,Acrylic,260,Stone in the Middle of the Road,,,,,
7 13 09 Morning,"10"" x 8"" mat",2009,Watercolor on paper,250,"Sunrise, Sunset Series",,,,,
7 13 09 Morning 2,"10"" x 8"" mat",2009,Watercolor on paper,250,"Sunrise, Sunset Series",,,,,
7 13 09 Morning 3,"10"" x 8"" mat",2009,Watercolor on paper,250,"Sunrise, Sunset Series",,,,,
7 16 09 Evening,"10"" x 8"" mat",2009,Watercolor on paper,250,"Sunrise, Sunset Series",,,,,
7 16 09 Morning,"10"" x 8"" mat",2009,Watercolor on paper,250,"Sunrise, Sunset Series",,,,,
7 23 09  Morning,"10"" x 8"" mat",2009,Watercolor on paper,250,"Sunrise, Sunset Series",,,,,
7 24 09 Morning,"10"" x 8"" mat",2009,Watercolor on paper,250,"Sunrise, Sunset Series",,,,,
7 24 09 Sunset,"10"" x 8"" mat",2009,Watercolor on paper,250,"Sunrise, Sunset Series",,,,,
School Doors,"10"" x 8"" mat",2008,Watercolor on paper,250,"Sunrise, Sunset Series",,,,,
"Sunrise, Sunset 2008 I","10"" x 8"" mat",2008,Watercolor on paper,250,"Sunrise, Sunset Series",,,,,
"Sunrise, Sunset 2008 II","10"" x 8"" mat",2008,Watercolor on paper,250,"Sunrise, Sunset Series",,,,,
"Sunrise, Sunset 2008 III","10"" x 8"" mat",2008,Watercolor on paper,250,"Sunrise, Sunset Series",,,,,
"Sunrise, Sunset 2008 IV","10"" x 8"" mat",2008,Watercolor on paper,250,"Sunrise, Sunset Series",,,,,
"Sunrise, Sunset 2008 IX","10"" x 8"" mat",2008,Watercolor on paper,250,"Sunrise, Sunset Series",,,,,
"Sunrise, Sunset 2008 V","10"" x 8"" mat",2008,Watercolor on paper,250,"Sunrise, Sunset Series",,,,,
"Sunrise, Sunset 2008 VI","10"" x 8"" mat",2008,Watercolor on paper,250,"Sunrise, Sunset Series",,,,,
"Sunrise, Sunset 2008 VII","10"" x 8"" mat",2008,Watercolor on paper,250,"Sunrise, Sunset Series",,,,,
"Sunrise, Sunset 2008 VIII","10"" x 8"" mat",2008,Watercolor on paper,250,"Sunrise, Sunset Series",,,,,
"Sunrise, Sunset 2008 X","10"" x 8"" mat",2008,Watercolor on paper,250,"Sunrise, Sunset Series",,,,,
"Sunrise, Sunset 2008 XI","10"" x 8"" mat",2008,Watercolor on paper,250,"Sunrise, Sunset Series",,,,,
"Sunrise, Sunset 2008 XII","10"" x 8"" mat",2008,Watercolor on paper,250,"Sunrise, Sunset Series",,,,,
Sea Isle City Sunrise,"11"" x 14"" mat",2015,Watercolor on paper,300,"Sunrise, Sunset Series",,,,,
Sea Isle City Sunrise 2,"11"" x 14"" mat",2015,Watercolor,300,"Sunrise, Sunset Series",,,,,
8 28 08 Evening,"8"" x 10""",2008,Watercolor,250,"Sunrise, Sunset Series",,,,,
Stone Tavern Lake Morning HR,"8"" x 10""",2009,Watercolor,210,"Sunrise, Sunset Series",,,,,
"Sunrise, Sunset XIII","8"" x 10""",2008,Watercolor,210,"Sunrise, Sunset Series",,,,,
"Sunrise, Sunset XIX","8"" x 10""",2008,Watercolor,210,"Sunrise, Sunset Series",,,,,
"Sunrise, Sunset XV","8"" x 10""",2008,Watercolor,210,"Sunrise, Sunset Series",,,,,
"Sunrise, Sunset XVI","8"" x 10""",2008,Watercolor,210,"Sunrise, Sunset Series",,,,,
Sunset Pikes Peak,2008,,Colored Pencil,75,Sunrise/Sunset Series,,,,,
Yale Library,"11"" 14""",2019,Watercolor,400,The Professor's Interiors,,,,,
Aunt Tullie's Living Room,"11"" X 14"" mat",2017,Acrylic on paper,sold,The Professor's Interiors,,,,,
Director's Office,"11"" X 14"" mat",2016,Acrylic on paper,400,The Professor's Interiors,,,,,
Favorite Restaurant in Italy,"11"" X 14"" mat",2016,Acrylic on paper,400,The Professor's Interiors,,,,,
Harry's Enclosed Porch,"11"" X 14"" mat",2016,Acrylic on paper,400,The Professor's Interiors,,,,,
Museum Court Yard,"11"" X 14"" mat",2017,Acrylic on paper,400,The Professor's Interiors,,,,,
The Professor's Front Hall,"11"" X 14"" mat",2015,Acrylic,400,The Professor's Interiors,,,,,
English Living Room,"14"" X 11"" mat",2016,Watercolor on paper,sold,The Professor's Interiors,,,,,
Harry's Living Room,"14"" X 11"" mat",2016,Acrylic on paper,400,The Professor's Interiors,,,,,
Tea Time at the Professor's,"14"" X 11"" mat",2015,Watercolor on paper,400,The Professor's Interiors,,,,,
The Professor's Study,"14"" X 11"" mat",2015,Acrylic on paper,400,The Professor's Interiors,,,,,
The Professor's Unattached Porch,"14"" X 11"" mat",2017,Acrylic on paper,400,The Professor's Interiors,,,,,
The Tiled Hallway,"22"" x 28""",2020,Watercolor,1000,The Professor's Interiors,,,,,
Lydia's for Thanksgiving,"22"" x 28"" mat",2017,Acrylic on paper,1000,The Professor's Interiors,,,,,
Hackberry,"10"" x 10""",2019,Acrylic,260,Trees,,,,,
Live Oak,"10"" x 10""",2019,Acrylic,260,Trees,,,,,
Looking Up,"8"" x 10"" mat",2009,Watercolor,210,Trees,,235,,,
Assunpink Winter Field,"11"" X 14""",2016,Acrylic,400,Winter Landscape,,,,,No sub folders
Assunpink Winter Field with Trees,"11"" X 14""",2015,Acrylic,400,Winter Landscape,,,,,Need:
Empty Box Creek Winter Sunrise,"11"" X 14""",2015,Acrylic,400,Winter Landscape,,,,,
Empty Box Creek Winter Sunset,"11"" X 14""",2015,Acrylic,400,Winter Landscape,,,,,"Pics must be in the folder of their category, even if duplicated"
Entrance to Field,"11"" X 14""",2015,Acrylic,400,Winter Landscape,,,,,Many photos are not in spreadsheet
Snowy Field with Fence,"11"" X 14""",2015,Acrylic,400,Winter Landscape,,,,,Names are Case Sensitive
Snowy Field with Golden Trees,"11"" X 14""",2016,Acrylic,400,Winter Landscape,,,,,Mom and Dad movie prices not defined
Sunset on Snowy Fields,"11"" X 14""",2015,Acrylic,400,Winter Landscape,,,,,
Winter Farm,"11"" X 14""",2015,Acrylic,400,Winter Landscape,,,,,
Winter Farm Field,"11"" X 14""",2015,Acrylic,400,Winter Landscape,,,,,https://bulkresizephotos.com/
Winter Farm Field 2,"11"" X 14""",2015,Acrylic,400,Winter Landscape,,,,,
Winter Path to Field,"11"" X 14""",2015,Acrylic,400,Winter Landscape,,,,,
Winter Road at Sunset,"11"" X 14""",2015,Acrylic,400,Winter Landscape,,,,,
Birds in Winter Field,"18"" x 24""",2017,Acrylic,1000,Winter Landscape,,,,,Bone 14
Trump at Mount Rushmore,"11"" x 14"" mat",2020,Pen and Ink,150,Drawings and Black and White Prints,,,,,